{
  "genesis_time": "2020-12-23T06:48:54.614435058Z",
  "chain_id": "chain-ZLioKp",
  "initial_height": "0",
  "consensus_params": {
    "block": {
      "max_bytes": "22020096",
      "max_gas": "-1",
      "time_iota_ms": "1000"
    },
    "evidence": {
      "max_age_num_blocks": "100000",
      "max_age_duration": "172800000000000",
      "max_bytes": "1048576"
    },
    "validator": {
      "pub_key_types": [
        "ed25519"
      ]
    },
    "version": {}
  },
  "validators": [
    {
      "address": "39A13AE0F8A65D3DF5A1AF9934FE2F27F0A085A4",
      "pub_key": {
        "type": "tendermint/PubKeyEd25519",
        "value": "2AeCCCfqnfw/GMsSw7upNnjG6nDCs4lno5q/0VnQ8Qc="
      },
      "power": "1",
      "name": "node0"
    },
    {
      "address": "46AE39D172BDE25F4CEC21F40F458A6A98C65E84",
      "pub_key": {
        "type": "tendermint/PubKeyEd25519",
        "value": "Iow/vgXOz26yFR4YaB/fBeuvgye0hj/RDHpyTRpUy9M="
      },
      "power": "1",
      "name": "node1"
    },
    {
      "address": "A1CC742F429354B5101AC37D8730B86C05351AC8",
      "pub_key": {
        "type": "tendermint/PubKeyEd25519",
        "value": "1f6+7H5td8r+sHyg9Fd9NGbTOfzLRxh+WhvYY1Rs09s="
      },
      "power": "1",
      "name": "node2"
    },
    {
      "address": "D4E9AC2AD32A6EE1B31F848656A3684E8FD8ACA4",
      "pub_key": {
        "type": "tendermint/PubKeyEd25519",
        "value": "m+4TFxAkK4jPysB1wWuwQ9vUFhuQeXtQLtl5VBB3ddE="
      },
      "power": "1",
      "name": "node3"
    }
  ],
  "app_hash": ""
}